k_Mpc^-1,P_Mpc^3,Delta2
0.0001,6766.282533569451,3.427838775798665e-10
0.00010121741408244667,6845.756266738343,3.596312352195135e-10
0.00010244964913537472,6926.163462888195,3.773066173900753e-10
0.00010369688559136586,7007.515086058338,3.9585072036205497e-10
0.00010495930607961376,7089.8222290668355,4.1530624057186324e-10
0.00010623709545266527,7173.096115023011,4.357179729272196e-10
0.00010753044081348831,7257.348098857837,4.5713291394414816e-10
0.0001088395315428687,7342.589668872226,4.796003699530053e-10
0.00011016455932714056,7428.832448303545,5.031720706226868e-10
0.00011150571818625436,7516.088196910511,5.279022880643934e-10
0.00011286320450218712,7604.368812576736,5.538479617891931e-10
0.00011423721704769732,7693.686332933035,5.810688298070539e-10
0.00011562795701543115,7784.052936998874,6.096275661692383e-10
0.00011703562804738238,8006.948638815854,6.502667857509659e-10
0.00011846043626471099,8290.983565299946,6.982264496563391e-10
0.00011990259029792533,8584.535023086428,7.496744884729173e-10
0.0001213623013174306,8887.56314432387,8.048303915510063e-10
0.00012283978306445035,9199.989059508896,8.639223156677433e-10
0.0001243352518823239,9521.69137255297,9.27186703655275e-10
0.00012584892674818486,9852.502581240142,9.948677775037676e-10
0.0001273810293050251,10192.205470363426,1.0672168924995216e-09
0.00012893178389415,10540.52950873022,1.1444917386319896e-09
0.00013050141758802708,10897.147285230632,1.2269553753366905e-09
0.00013209016022353622,11261.671023210933,1.3148750856652141e-09
0.00013369824443562392,11633.649216432144,1.408521036222256e-09
0.00013532590569136703,12012.56343384851,1.5081647297179522e-09
0.00013697338232445224,12397.82534424099,1.614077237788363e-09
0.00013864091557007363,12788.77401528896,1.726527202872715e-09
0.00014032874960025668,13184.673544881132,1.8457785994414014e-09
0.00014203713155961153,13584.71108523457,1.9720882467756498e-09
0.0001437663116015214,13987.995322611836,2.105703067842216e-09
0.00014551654292477246,14393.555476983498,2.2468570916121166e-09
0.00014728808181062818,14800.394265257919,2.3957768399752232e-09
0.00014908118766035632,15208.03821254953,2.552771753857269e-09
0.00015089612303321225,15616.382172172096,2.718222058775636e-09
0.00015273315368488462,16025.35835403463,2.892530631208531e-09
0.00015459254860640913,16434.932425191786,3.0761241034474133e-09
0.00015647458006355676,16845.104585147004,3.2694549286462262e-09
0.00015837952363669978,17255.910556420764,3.473003629002368e-09
0.00016030765826116492,17667.42250022747,3.687281242600138e-09
0.0001622592662680768,18079.749868257655,3.912831986082326e-09
0.000164234633425699,18493.040202641478,4.150236152150056e-09
0.00016623404898127796,18907.479897167286,4.4001132629443495e-09
0.0001682578057033973,19323.29493376808,4.663125502664395e-09
0.00017030619992484621,19740.7516091591,4.9399814553515035e-09
0.00017237953158601106,20160.1572673388,5.231440176651217e-09
0.00017447810427879474,20581.861054452344,5.538315631591634e-09
0.0001766022252910706,21006.25471328422,5.861481534028626e-09
0.00017875220565167826,21433.773435402705,6.201876627453198e-09
0.0001809283601759658,21864.896789743063,6.560510451386865e-09
0.00018313100751188785,22300.149747208703,6.93846964267026e-09
0.00018536047018666402,22740.0727975165,7.336914816922014e-09
0.00018761707465400564,23184.869613913834,7.756967952013967e-09
0.00018990115134191797,23634.502348060465,8.199729288568938e-09
0.00019221303470108283,24088.92610020352,8.66634960579064e-09
0.0001945530632538319,24548.093291306817,9.158033832759645e-09
0.0001969215796437154,25011.95365451608,9.67604338376701e-09
0.0001993189306856742,25480.4542284682,1.0221698584234947e-08
0.00020174546741682373,25953.539352469452,1.0796381190292801e-08
0.00020420154514785396,26431.150663565626,1.140153700516174e-08
0.00020668752351505763,26913.227095526494,1.203867859559119e-08
0.0002092037665329902,27399.70487976448,1.270938811167797e-08
0.00021175064264777167,27890.51754820535,1.3415320213491378e-08
0.00021432852479103673,28385.595938127062,1.415820510802018e-08
0.000216937790434543,28884.86819898253,1.49398517000539e-08
0.00021957882164544174,29388.259801216456,1.5762150860704864e-08
0.0002222520051422238,29895.693547088402,1.662707881737966e-08
0.0002249577323513453,30407.089583510628,1.7536700669107225e-08
0.00022769639946454325,30922.365416906385,1.8493174031233613e-08
0.0002304684074968484,31441.4359300929,1.9498752813597948e-08
0.00023327416234530558,31964.218123560666,2.0555794173308175e-08
0.00023611407484840682,32490.691286482994,2.1666803245793346e-08
0.00023898856084624999,33020.88365936421,2.2834436148372205e-08
0.00024189804124142883,33554.829627891784,2.406148084256223e-08
0.0002448429420606644,34092.56890470831,2.535086333695657e-08
0.0002478236945171876,34634.146683661944,2.6705654873102166e-08
0.0002508407350738795,35179.61379432622,2.8129079514088405e-08
0.0002538945055071816,35729.026857001,2.962452216005226e-08
0.00025698545297178437,36282.448438418425,3.1195537016344975e-08
0.00026011403006610194,36839.9472083956,3.2845856541755115e-08
0.0002632806948985462,37401.598097690025,3.4579400905942285e-08
0.0002664859111546045,37967.48245733343,3.6400287987114836e-08
0.000269730148164737,38537.688219730255,3.831284394299175e-08
0.00027301388097309873,39112.31006183159,4.0321614390237255e-08
0.00027633759040709944,39691.449570703146,4.243137622984404e-08
0.00027970176314780893,40275.21541182999,4.464715015839632e-08
0.000283106891801222,40863.72350051413,4.697421390776432e-08
0.0002865534749703871,41457.0971767391,4.9418116258580256e-08
0.00029004201732841687,42055.4673838943,5.198469187585139e-08
0.0002935730296923854,42658.96841571359,5.468007133215289e-08
0.0002971470290981258,43267.674644665836,5.7510612345621133e-08
0.000300764538875938,43881.61153559548,6.048291556080778e-08
0.0003044260887272194,44500.8043460363,6.3603896688532e-08
0.0003081322148020262,45125.27948363817,6.688080325255514e-08
0.00031188345977758086,45755.06454881653,7.032123043827038e-08
0.000315680372937735,46390.18837783845,7.393313770484896e-08
0.0003195235102533988,47030.681086351025,7.772486619836189e-08
0.00032341343446395157,47676.57411335902,8.170515700529256e-08
0.00032735071515964013,48327.900265661076,8.588317028784903e-08
0.00033133592886498345,48984.69376275094,9.026850534458551e-08
0.0003353696591231912,49646.99028219643,9.487122164205272e-08
0.00033945249658161,50314.827005504405,9.970186086551704e-08
0.00034358503907821125,50988.242664485035,1.0477147003924296e-07
0.0003477678917291293,51667.277588127356,1.1009162576940015e-07
0.00035200166701726754,52351.97374999927,1.1567445966537612e-07
0.0003562869848819828,53042.374816187905,1.2153268499812806e-07
0.0003606244728098603,53738.526193795624,1.2767962465720982e-07
0.00036501476592659655,54440.4750800077,1.341292404712817e-07
0.0003694585070899967,55148.27008151327,1.4089616286103766e-07
0.0003739563469841075,55861.954314476905,1.4799570447792138e-07
0.0003785089442144951,56581.566229418386,1.554438925351127e-07
0.0003831169654046822,57307.14534924491,1.6325751686086342e-07
0.0003877810852937615,58038.73248811038,1.714541665869637e-07
0.00039250198683519187,58776.36978876094,1.8005226812271037e-07
0.00039728036129680646,59520.100760330264,1.8907112494698978e-07
0.0004021169083620287,60269.97031658802,1.9853095930691977e-07
0.0004070123362323272,61026.02481465809,2.0845295591598542e-07
0.0004119673617309147,61788.312094213055,2.1885930774917096e-07
0.00041698271040771045,62556.88151715947,2.2977326403749688e-07
0.0004220591166455817,63331.784007825314,2.4121918056948066e-07
0.000427197323767875,64113.07209366111,2.532225724124041e-07
0.00043239808414726036,64900.7999464721,2.65810169171975e-07
0.0004376621593158987,65695.0234241925,2.7900997291487103e-07
0.0004429903200769501,66495.80011321786,2.9285131888494137e-07
0.0004483833466174425,67303.18937131393,3.073649391504364e-07
0.00045384202862250886,68117.25237111312,3.2258302932649917e-07
0.0004593671653910209,68938.05214422352,3.385393185245316e-07
0.00046495956595262724,69765.65261638563,3.552691375465186e-07
0.00047062004918621694,70600.10013527986,3.728093970399823e-07
0.0004763494439398273,71441.42438014949,3.9119865371419515e-07
0.0004821485891520072,72289.65459928769,4.1047726643120016e-07
0.0004880183339746616,73144.82022430809,4.306874825962223e-07
0.0004939595378973908,74006.95087926858,4.518735253928355e-07
0.0004999730708733415,74876.07638994533,4.74081685008972e-07
0.0005060598134465951,75752.22679326088,4.973604140352946e-07
0.0005122206568810968,76635.43234686386,5.217604272256059e-07
0.000518456503291168,77525.72353886295,5.47334805817707e-07
0.0005247682657735953,78423.13109771287,5.741391066219534e-07
0.0005311568685413341,79327.68600225591,6.022314760943351e-07
0.0005376232470588391,80239.41949191547,6.316727696206217e-07
0.0005441683481790398,81158.36307704574,6.625266762484694e-07
0.0005507931302819888,82084.5485494356,6.948598491151345e-07
0.0005574985634151906,83018.00799296692,7.287420418296249e-07
0.000564285629435645,83958.77379443074,7.64246251080001e-07
0.0005711553221536173,84906.87865449756,8.014488657486894e-07
0.0005781086474781585,85862.35559884428,8.404298228316198e-07
0.0005851466235643995,86825.23750414293,8.81272765544689e-07
0.0005922702809626336,87795.54694208845,9.24065105867765e-07
0.0005994806627692192,88773.29595446355,9.68898179413487e-07
0.0006067788247793162,89758.49555785663,1.015867515663856e-06
0.0006141658356414834,90751.1561479603,1.0650730311741132e-06
0.000621642777014159,91751.2874928666,1.1166192271070933e-06
0.0006292107437240418,92758.89872641144,1.1706153954826543e-06
0.0006368708439264057,93773.99834157228,1.2271758345187925e-06
0.0006446241992673627,94796.59418391826,1.2864200734568e-06
0.0006524719450481019,95826.69344511775,1.3484731072795457e-06
0.0006604152303911312,96864.30265650252,1.413465641749139e-06
0.0006684552184085354,97909.42768269005,1.481534349208165e-06
0.0006765930863722905,98962.0737152677,1.5528221356075726e-06
0.0006848300258866473,100022.24526653922,1.6274784192435762e-06
0.0006931672430626137,101089.946163334,1.705659421706326e-06
0.000701605958694566,102165.17954088628,1.7875284715643197e-06
0.0007101474084389978,103247.94783677487,1.873256321330108e-06
0.0007187928429954642,104338.25278493977,1.9630214782765117e-06
0.0007275435282897097,105436.09540976422,2.0570105496954187e-06
0.000736400745659038,106541.47562877041,2.15541859529735e-06
0.0007453657920399333,107654.38281533522,2.2584493039091125e-06
0.0007544399801579668,108774.79486730068,2.3663153275322483e-06
0.0007636246387200177,109902.68760207953,2.4792388567220425e-06
0.0007729211126088277,111038.03520450126,2.597452046493677e-06
0.000782330763079931,112180.81020688443,2.721197450697881e-06
0.0007918549679609786,113330.98346926563,2.850728474708893e-06
0.0008014951218534882,114488.52415978273,2.9863098471660095e-06
0.0008112526363370556,115653.39973523993,3.128218111539337e-06
0.0008211289401760427,116825.57592184762,3.276742138318895e-06
0.0008311254795287909,118005.01669616078,3.4321836586580114e-06
0.0008412437181593767,119191.68426621643,3.5948578203327793e-06
0.0008514851376519461,120385.53905288895,3.765093766912948e-06
0.0008618512376276612,121586.53967146829,3.9432352410733285e-06
0.0008723435359642811,122794.64291347394,4.129641213010094e-06
0.0008829635690184235,124009.8037287152,4.324686534963239e-06
0.0008937128918505274,125231.97520761003,4.528762622883954e-06
0.0009045930784525562,126461.10856377175,4.742278166325028e-06
0.0009156057219784764,127697.15311687648,4.965659867673043e-06
0.0009267524349775288,128940.05603651814,5.199353202233066e-06
0.0009380348496303625,130189.75564373148,5.443822938484023e-06
0.00094945461798802,131446.18020431546,5.69955386722917e-06
0.0009610134122138463,132709.25502352987,5.967051920848399e-06
0.0009727129248283388,133978.90282696343,6.24684507849729e-06
0.0009845548689569768,135255.04373775647,6.539484291261073e-06
0.0009965409785810733,136537.59525436137,6.845544444324914e-06
0.0010086730087916712,137826.47222886328,7.165625357551833e-06
0.0010209527360465394,139121.58684588512,7.500352825908263e-06
0.0010333819584302944,140422.8486020958,7.85037970122588e-06
0.001045962495917687,141730.16428634513,8.216387016839595e-06
0.0010586961906400994,143043.43796044623,8.599085156694215e-06
0.0010715849071552784,144362.57094062903,8.999215070565686e-06
0.0010846305327203599,145687.4617796865,9.41754953709921e-06
0.0010978349775682137,147018.0062498359,9.854894476422922e-06
0.001111200175187153,148354.09732631774,1.031209031415514e-05
0.0011247280826040546,149695.62517175573,1.0790013398683743e-05
0.0011384206806709077,151042.47712129593,1.1289577473657482e-05
0.0011522799743548804,152394.5376685595,1.1811735207695902e-05
0.0011663079930318895,153751.6882441279,1.2357479766645103e-05
0.0011805067907837597,155113.80040171408,1.2927845894044057e-05
0.0011948784466990015,156480.73401366716,1.3523911362002196e-05
0.001209425065177234,157852.34499017798,1.4146799295061375e-05
0.0012241487762373413,159228.485763768,1.4797680027346461e-05
0.001239051735829353,160609.00527614777,1.547777298916023e-05
0.0012541361261501382,161993.7489663511,1.6188348664006783e-05
0.0012694041559629422,163382.55876017673,1.6930730618426096e-05
0.001284858060920797,164775.27306097286,1.770629760709149e-05
0.001300500103893898,166171.72674180285,1.8516485755694668e-05
0.0013163325753009357,167571.75113901688,1.936279082420909e-05
0.0013323577934444809,168975.17404727274,2.0246770553201482e-05
0.001348578104850451,170381.8197160373,2.1170047095931957e-05
0.0013649958846116913,171791.50884759406,2.213430953905792e-05
0.0013816135367357713,173204.05859660724,2.3141316514840532e-05
0.0013984334944969821,174619.28257125427,2.419289890782072e-05
0.0014154582207926392,176036.99083597897,2.5290962659022243e-05
0.001432690208503718,177456.98991588602,2.6437491670813083e-05
0.0014501319808598752,178879.0828028098,2.7634550815641352e-05
0.001467786091808926,180303.06896594248,2.8884289052403757e-05
0.0014856551263908015,181728.74447103243,3.0188942671221684e-05
0.0015037417011160737,183155.9020306161,3.1550838644115404e-05
0.001522048464349084,184584.33088391167,3.297239806439157e-05
0.0015405780966957312,186013.81680204277,3.445613972542207e-05
0.0015593333113959953,187444.14210483135,3.600468382598058e-05
0.0015783168547212104,188875.08567947123,3.7620755804466744e-05
0.0015975315063762158,190306.42300111556,3.9307190305950084e-05
0.0016169800799063622,191737.9261553972,4.106693528604609e-05
0.0016366654231094978,193169.36386291482,4.290305625574407e-05
0.0016565904184529699,194600.50150571254,4.481874067139456e-05
0.0016767579834956767,196031.10115576736,4.681730247415686e-05
0.0016971710713153017,197460.92160552164,4.890218678331644e-05
0.001717832670940705,198889.71840047668,5.1076974747962965e-05
0.001738745807789605,200317.24387386572,5.334538856163002e-05
0.0017599135441115886,201743.24718344343,5.571129664459384e-05
0.0017813389794364874,203167.47435039002,5.817871899861716e-05
0.001803025251028259,204589.6683003718,6.0751832739043576e-05
0.001824975534344346,206009.5689067579,6.34349778092218e-05
0.0018471930435006606,207426.9128569135,6.623266282517173e-05
0.0018696810317422126,208841.42542620256,6.914956842001403e-05
0.0018924427919194745,210252.81678041286,7.219055173156634e-05
0.0019154816569705488,211660.79277012928,7.536065590939147e-05
0.001938801000409191,213065.05587009015,7.8665116950879e-05
0.0019624042368187895,214465.30524019216,8.210937046909282e-05
0.001986294822352351,215861.23678935255,8.569905866865259e-05
0.0020104762552385757,217252.54324225895,8.944003753464089e-05
0.0020349520762940987,218638.91420902425,9.333838423957726e-05
0.0020597258694419413,220020.03625774852,9.740040477353467e-05
0.0020848012622363245,221395.59299002466,0.00010163264180255132
0.0021101819263938154,222765.26511936905,0.00010604188276048146
0.0021358715783309757,224128.73055261342,0.00011063516817951842
0.002161873979708555,225485.66447425223,0.00011541980026462074
0.002188192937982275,226835.73943374795,0.00012040335171710177
0.0022148323069603746,228178.62543580798,0.00012559367481269467
0.0022417959873678884,229513.99003362286,0.00013099891073937685
0.002269087927417827,230841.49842506813,0.00013662749920029005
0.002296712123389311,232160.81355187274,0.00014248818828708094
0.00232467262021271,233471.59643978215,0.00014859004478047518
0.0023529735120619614,234773.51966269652,0.00015494247342495636
0.0023816189429540437,236066.27490726797,0.00016155523440908393
0.0024106131073557808,237349.55452471698,0.0001684384439910887
0.002439960250798038,238623.04992292097,0.0001756025851951462
0.0024696646704973515,239886.4516667464,0.00018305851989075555
0.0024997307159851964,241139.44958022708,0.00019081750121524428
0.002530162789744845,242381.73285054424,0.00019889118634668705
0.002560965347856024,243612.99013379586,0.00020729164963465148
0.0025921429006474025,244832.90966250448,0.00021603139609616094
0.0026237000133570226,246041.17935484523,0.0002251233752843457
0.002655641306800786,247237.48692553883,0.00023458099553725202
0.002687971458049049,248421.5199983912,0.00024441813861432276
0.0027206952011114855,249592.96622042425,0.00025464917472807117
0.002753817327630267,250751.51337756158,0.00026528897797847286
0.0027873426875816916,251896.84951182638,0.00027635294219761485
0.002821276189986361,253028.66304000554,0.00028785699721212566
0.002855622803627967,254146.6428737323,0.00029981762553088254
0.002890387557780892,255250.47854093273,0.00031225187946550047
0.0029255755429466027,256339.8601341796,0.0003251773984697738
0.0029611919115990473,257414.46632653067,0.0003386124111795429
0.0029972418789391284,258473.95636334186,0.00035257573979189814
0.003033730723658319,259517.98819931786,0.00036708683909492893
0.0030706637887116467,260546.22049757445,0.00038216581735778346
0.0031080464821000124,261558.31278023735,0.00039783345537755614
0.003145884277662083,262553.92558087775,0.0004141112259503607
0.00318418271587582,263532.72059871024,0.00043102131377003173
0.0032229474046697217,264494.3608544803,0.0004485866357576099
0.00326218402024402,265438.51084797655,0.0004668308618245529
0.0033018983079017954,266364.8367170659,0.0004857784360721121
0.00334209608289026,267273.00639820023,0.0005054545984291743
0.003382783231252264,268162.68978829164,0.0005258854067303392
0.00342396571068817,269033.55890787556,0.0005470977592356884
0.003465649551428233,269885.2880654786,0.0005691194175932923
0.00350784085711557,270717.5540230893,0.0005919790302450028
0.003550545805699912,271530.03616265167,0.0006157061562757252
0.0035937706503422224,272322.4166534766,0.0006403312897057762
0.00363752172033032,273094.3806204735,0.0006658858842254774
0.003681805422005681,273845.6161257502,0.0006924023778968971
0.0037266282397014593,274575.7978893785,0.0007199141755532455
0.003771996736692019,275284.57438872947,0.0007484556312431549
0.0038179175561539364,275971.59424727445,0.000778062133100623
0.003864397422138754,276636.5094468646,0.0008087701355807854
0.003911443140557581,277278.9755395556,0.0008406171846653376
0.003959061600177618,277898.651860607,0.0008736419433444661
0.00400725977363092,278495.2017425368,0.0009078842173621477
0.0040560447184353225,279068.29273006413,0.0009433849812102791
0.004105423578027884,279617.59679580753,0.000980186404356393
0.004155403582810886,280142.79055657185,0.0010183318776883442
0.004205992051210514,280643.5554900745,0.0010578660401582849
0.004257196390748538,281119.5781519435,0.0010988348056071944
0.004309024099126922,281570.55039282667,0.0011412853897497432
0.004361482765325709,281996.16957544186,0.001185266337298319
0.0044145800707142725,282396.13879139995,0.0012308275492035712
0.004468323790176028,282770.16707762505,0.0012780203099875048
0.004522721793246945,283117.96963219135,0.001326897315143976
0.004577782045267817,283439.2680294057,0.0013775126985797928
0.0046335126085506224,283733.7905489233,0.0014299220606478929
0.00468992164355906,284001.2855091832,0.0014841825642581583
0.004747017410103457,284241.53365111316,0.0015403530410215424
0.004804808268550251,284454.32591498794,0.0015984939188984284
0.004863302681046144,284639.46075252275,0.0016586672385094287
0.004922509212757205,284796.74429221207,0.0017209366833615858
0.004982436533123046,284925.9905020008,0.001785367610082123
0.005043093417126249,285027.0213491392,0.001852027078629546
0.0051044887465772895,285099.666957056,0.0019209838824504003
0.005166631511415021,285143.76575910824,0.0019923085785484808
0.005229530811023115,285159.1646490458,0.0020660735174320394
0.005293195855562397,285145.7191280407,0.002142352872902571
0.005357635967319491,285103.29344812845,0.0022212226716476925
0.0054228605820718714,285031.7607519155,0.0023027608225988055
0.005488879250469458,284931.00320839183,0.0023870471460124974
0.005555701639433166,284800.9121447154,0.00247416340223358
0.005623337533570346,284641.3881738052,0.002564193320095207
0.005691796836607534,284452.341317616,0.0026572226249107164
0.005761089572840654,284233.6911259336,0.0027533390660095516
0.005831225888602776,283985.3659771729,0.002852632435597614
0.005902216053749902,283707.1783065487,0.002955193292915295
0.005974070463164681,283398.69079977844,0.0030611113015510502
0.0060467996382785345,283059.44576702005,0.003170477286352878
0.006120414228612271,282688.99808209407,0.0032833835189348052
0.00619492501333546,282286.9157302089,0.0033999236857434564
0.006270342902844816,281852.78035630065,0.0035201928523187153
0.006346678940361744,281386.18781321734,0.0036442874235954586
0.006423944303549384,280886.74870896357,0.0037723051000930594
0.0065021503061493255,280354.08895219094,0.0039043448298386866
0.006581308399638229,279787.8502951106,0.00404050675587076
0.006661430174904677,279187.69087298476,0.00418089215916949
0.006742527363946311,278553.28573931975,0.004325603396861678
0.006824611841587813,277884.327395887,0.004474743835549409
0.006907695627219625,277180.52631667565,0.004628417779612843
0.006991790886557943,276441.61146486044,0.004786730394340591
0.007076909933426129,275667.3308018603,0.004949787623743454
0.007163065231557718,274857.4517875551,0.005117696102910622
0.0072502693964215425,274011.76187070645,0.005290563064771992
0.007338535197068899,273130.06872689625,0.005468496236293745
0.007427875558003312,272212.1485152912,0.005651602648769561
0.007518303561073066,271257.6822171625,0.005839986945274611
0.0076098324473866516,270266.35925103904,0.006033753088301436
0.007702475619251732,269237.89429359033,0.006233004510565235
0.0077962466421375234,268172.0279460252,0.00643784394641432
0.007891159246661172,267068.5273856113,0.006648373255419016
0.007987227330598326,265927.18700076005,0.006864693238077262
0.00808446496091805,264747.82900807104,0.007086903443590989
0.008182886375842732,263530.30404972995,0.007315101969686695
0.008282505986932852,262274.4917696654,0.0075493852544713845
0.00838333838119726,260980.30136684646,0.007789847860336944
0.008485398323229112,259647.67212411488,0.00803658224994662
0.008588700757367788,258276.57391095237,0.00828967855436073
0.008693260809887195,256867.00765859737,0.008549224333383329
0.008799093791210568,255419.00580592462,0.008815304328235657
0.008906215198152457,253932.63271453997,0.009088000206691238
0.00901464071618777,252407.9850515466,0.009367390300832416
0.0091243862217486,250845.19213847956,0.009653549337620141
0.009235467784549001,249244.4162884945,0.009946548163437726
0.009347901669937915,247605.86067931494,0.010246453775494975
0.009461704341281007,245929.78018108138,0.010553329544985921
0.009576892462371228,244216.46534336344,0.010867234348776214
0.0096934828998689,242466.23970812367,0.011188222168439626
0.009811492725771472,240679.4598837402,0.011516341791879686
0.009930939219913233,238856.5155767276,0.011851636510093674
0.010051839872495676,236997.82958017127,0.012194143809517392
0.010174212386648427,235103.8577179604,0.012543895060422073
0.010298074681021518,233175.08874395676,0.012900915201873288
0.010423444892409149,231212.0441953441,0.013265222423797676
0.010550341378405393,229215.27819945512,0.013636827846740213
0.0106787827200923,227185.37723347204,0.014015735199932856
0.010808787724760583,225122.95983648143,0.014401940498331734
0.010940375428663584,223028.67627345436,0.01479543171931934
0.01107356509980467,220903.20815082084,0.015196188479803946
0.011208376240758579,218747.2679833884,0.015604181714485438
0.01134482859152718,216561.59871249573,0.016019373356096135
0.011482942132429867,214346.97317533696,0.01644171601845614
0.01162273708702927,212104.19381579035,0.016871152706309532
0.011764233925092515,209834.2437315627,0.017307629021472547
0.011907453365588547,207538.52429864803,0.017751115559235225
0.012052416379721992,205218.50361373194,0.01820158283685341
0.012199144194003834,202875.64814275454,0.0186589960760331
0.012347658293359612,200511.4212779559,0.01912331511994497
0.012497980424275365,198127.2819209198,0.019594494354529958
0.01265013259798192,195724.6830933207,0.020072482634284388
0.012804137093677916,193305.0705770189,0.020557223212710748
0.012960016461792127,190869.88158503833,0.02104865367761386
0.01311779352728539,188420.54346491199,0.02154670589141989
0.01327749139299284,185958.47243576974,0.022051305936689785
0.013439133443006778,183485.07236047933,0.022562374066994215
0.013602743346100728,181001.73355405295,0.02307982466331092
0.013768345059195235,178509.83162945238,0.02360356619610027
0.013935962830865727,176010.72638183713,0.024133501193207375
0.01410562120489322,173505.76071221294,0.024669526213734333
0.014277345023858171,170996.25959134995,0.025211531828017112
0.014451159432778119,168483.52906475263,0.025759402603835458
0.014627089882789563,165968.85574853528,0.026313017170186283
0.014805162134874775,163453.91101001392,0.026872314827740176
0.014985402263633802,160941.45678053613,0.027437428354891536
0.01516783666110256,158434.33463073068,0.02800854141224843
0.015352492040617331,155935.25509555812,0.02858585699234939
0.015539395440726293,153446.7979602475,0.02916959806934937
0.01572857422914877,150971.41296491434,0.02976000826622937
0.015920056106782505,148511.420898724,0.030357352542562593
0.016113869111759885,146069.0150546034,0.030961917906065416
0.01631004162355347,143646.26301583342,0.03157401415136211
0.016508602367131524,141245.1087463159,0.03219397462960452
0.01670958041716409,138867.37495690133,0.03282215705280655
0.016913005202280396,136514.7657208467,0.033458944336979136
0.017118906509377894,134188.86931230302,0.03410474548839626
0.017327314487983938,131891.16124259107,0.0347599965375733
0.017538259654670475,129623.00747000056,0.03542516152580846
0.017751772897522475,127385.6677598704,0.036100733549425765
0.017967885480660865,125180.29917276664,0.036787235867160456
0.018186629048820322,123007.95965970555,0.03748522307645666
0.018408035631982993,120869.61454344762,0.03819528324927813
0.018632137650068555,118766.47528890587,0.038918149209834094
0.018858967917681338,116700.28959990281,0.039654817713238116
0.019088559648915267,114672.72695369959,0.04040637382296338
0.019320946462217395,112685.3071065642,0.04117396991538645
0.019556162385310407,110739.40764122341,0.04195882901256407
0.019794241860175314,108836.27164410868,0.042762248437050544
0.02003521974809464,106977.01547089961,0.04358560381833242
0.02027913133475706,105162.6365629001,0.044430353482839635
0.020526012335424247,103394.02128071606,0.045298043262127136
0.02077589890016044,101671.95272562187,0.046190311756784216
0.021028827619125876,99997.11852277034,0.04710889609691837
0.021284835527934545,98370.11854410937,0.0480556382437406
0.021543960113077208,96791.47255243587,0.04903249188088289
0.021806239317410502,95261.62775146449,0.05004152994865504
0.02207171154571268,93780.96623011377,0.05108495287955414
0.022340415670307194,92349.81229240137,0.05216509759904216
0.022612391036754633,90968.3381061428,0.05328438787280415
0.022887677469613992,89635.76900303723,0.05444484705368577
0.02316631527827402,88350.87326794831,0.05564831170320385
0.023448345262855722,87112.46383347492,0.056896710306506997
0.02373380872018644,85919.40173118844,0.05819207145061762
0.024022747449846945,84770.59492378,0.059536529721098574
0.02431520376029198,83664.99718995017,0.06093233198154741
0.02461122047504535,82601.60706160165,0.062381844063016625
0.024910840938970547,81579.46681293083,0.06388755789251863
0.025214109024617463,80597.6615010727,0.06545209909201459
0.025521069138646612,79655.31413377533,0.06707823177709456
0.025831766228331443,78750.95158021293,0.0687683136279213
0.026146245788139854,77881.84362784936,0.07052360445532477
0.02646455386639576,77045.21594338314,0.07234519092884689
0.026786737072021942,76238.41373203232,0.07423411835463682
0.027112842581364698,75458.8930175793,0.07619138116831002
0.027442918145101827,74704.21278053074,0.07821791286550196
0.02777701209523461,73972.02787345786,0.08031457533608732
0.028115173352164877,73259.82011311161,0.08248185199285551
0.028457451431858426,72564.25692274007,0.08471903909014508
0.02880389645309529,71881.9319223612,0.0870249380528707
0.029154559144808627,71209.56232267998,0.08939804293860695
0.029509490853512767,70543.9838769244,0.09183651405899183
0.029868743550821742,69882.1404334695,0.09433814228545782
0.030232369841059294,69220.78825330833,0.09689991025753292
0.030600422968961708,68556.39776253444,0.09951774743253951
0.030972956827474092,67885.54985673196,0.10218698850926614
0.03135002596564189,67204.96888266866,0.10490238396822668
0.031731685596598294,66511.52257929025,0.10765806666551034
0.03211799160564895,65802.15571922698,0.11044740624658646
0.03250900055845516,65073.90892429545,0.11326298626886815
0.03290476970931645,64323.99506275344,0.11609668945364786
0.033305357009554316,63549.8121312375,0.11893969212346432
0.03371082111599777,62749.07665757468,0.12178269811519159
0.03412122139957233,61919.95707520559,0.1246162309455742
0.034536617953993494,61060.849469757384,0.12743024558216093
0.03495707160456621,60170.35790518675,0.13021409175580112
0.035382643917091165,59247.56935962013,0.13295713322823594
0.03581339720687979,58292.26343943216,0.1356493560434602
0.036249394547878906,57304.453292617465,0.13828048818477398
0.036690699781906394,56284.37142226258,0.14084001541882454
0.03713737752799955,55233.04197480481,0.14331871958164763
0.0375894931918768,54152.12430188465,0.14570859408632686
0.03804711297551504,53043.38679860018,0.1480016743792253
0.03851030388684335,51908.98622617798,0.15019090812223712
0.038979133749554744,50752.11081158108,0.15227230385773538
0.03945367121303755,49576.10157388049,0.15424279809188954
0.03993398576242727,48384.318646780164,0.15609998627452623
0.0404201477287813,47180.96280655675,0.1578449701985544
0.04091222829937723,45970.562280473845,0.1594811935238501
0.04141029952813658,44757.41055745193,0.16101277201263495
0.041914434346175415,43546.27004062336,0.16244713225384583
0.042424706572483616,42342.330066499286,0.16379534453428427
0.04294119092473371,41150.368984478926,0.1650692763953219
0.04346396303022172,39975.20081407437,0.16628339423653712
0.043993099436941054,38821.899993222214,0.1674560051413047
0.044528677624791096,37695.03893206011,0.16860631983983415
0.045070776016922574,36598.94349515599,0.16975552372636502
0.045619473991220585,35537.95117984222,0.17092810016934148
0.0461748518919278,34515.886421439216,0.1721495229102217
0.046736991041409014,33536.09382332339,0.1734462766374098
0.047305973752058965,32601.531867128848,0.17484621100418657
0.047881883338355004,31714.729991240023,0.1763782177165526
0.04846480412905682,30877.62394504878,0.17807113147613823
0.04905482147955415,30091.498649890913,0.1799530347874695
0.04965202178436531,29357.38468260018,0.1820532491721733
0.05025649248978766,28675.529000814106,0.18439885593906047
0.05086832210670204,28045.31271041913,0.187013424865529
0.05148760022353335,27466.06530091623,0.18992173027093914
0.05211441751936849,26936.11932921782,0.1931429900349933
0.05274886577723433,26452.98109341238,0.19669089553374403
0.05339103789753727,26014.248579236362,0.20057954188194685
0.054041027911666324,25616.511850048457,0.20481466747583518
0.05469893099576183,25255.881979717695,0.20939645011396077
0.05536484348465201,24928.508344950125,0.2143230005120518
0.05603886288595872,24629.34237104903,0.21957910847447612
0.056721087894375355,24353.083163252002,0.2251426981686807
0.057411618406118435,24094.46295689636,0.23098664900382235
0.058110555533555,23847.680551432022,0.23707266750334058
0.058818001620008484,23607.01755454504,0.24335606641819232
0.05953406025474418,23366.818849067644,0.2497850022821692
0.06025883628813771,23121.367164964155,0.2562984562793241
0.06099243584702798,22865.174956876454,0.2628286606628446
0.061734966350256944,22593.29595498735,0.269304429997195
0.06248653652439862,22301.326591279038,0.27565147269180934
0.06324725641967982,21985.28844535765,0.2817912478923232
0.06401723742609416,21642.42857989417,0.2876517619173635
0.06479659228971274,21270.757253646352,0.29316337305943657
0.06558543512919325,20869.00076955847,0.29825939097166415
0.06638388145248991,20437.617606527016,0.30289245401543835
0.06719204817376721,19977.640213378403,0.3070210023791343
0.06801005363051901,19491.16429167482,0.31061855360717766
0.06883801760089647,18981.894440379427,0.31368581336686074
0.0696760613212469,18453.69005300541,0.31623086720000826
0.07052430750386586,17911.56498077838,0.31828801306334037
0.07138288035496591,17361.322621589978,0.31991549152760246
0.07225190559286332,16808.50824576592,0.32117915254637075
0.07313151046638691,16259.407312316362,0.3221725985830454
0.07402182377351066,15720.126595296537,0.323002319920583
0.07492297588021322,15196.192550016023,0.3237800631259958
0.07583509873956698,14692.906344214201,0.3246300651876882
0.0767583259110598,14214.914216868858,0.32567992166968973
0.07769279258015135,13765.911071543873,0.3270524557475687
0.07863863557806819,13348.667639715863,0.3288638129733768
0.0795959934018395,12965.422833100547,0.331230687248193
0.08056500623457673,12616.835750991791,0.33424124737726024
0.0815458159660005,12302.638775676072,0.3379664421235377
0.08253856621321663,12022.190948194995,0.3424716623333171
0.0835434023417459,11772.947729950063,0.34776986690944245
0.08456047148680938,11552.03250702922,0.3538594911969307
0.08558992257487309,11356.059949590754,0.3607163568255696
0.0866319063454547,11180.217732117035,0.3682596482356735
0.08768657537319628,11019.792161384177,0.3763942577545387
0.08875408409020477,10869.699253550207,0.3849929943337086
0.08983458880866547,10724.461183063464,0.3938913951762549
0.09092824774373023,10578.899889950728,0.402909244616692
0.0920352210366843,10428.438967992508,0.4118620167669348
0.0931556707783958,10268.928101542762,0.4205554488432969
0.09428976103304965,10096.80540684334,0.4287931614407289
0.0954376578621713,9909.816892541348,0.43641051611566395
0.09659952934894264,9706.217385937129,0.44324648891180163
0.09777554562281386,9485.782286222935,0.44919421662232417
0.09896587888441497,9250.341746077487,0.45423907851970163
0.10017070343077093,9002.000114105585,0.458386104186384
0.10139019568082303,8744.232510779244,0.4617212255264121
0.1026245342012616,8481.294832035956,0.46439337598428665
0.10387389973267304,8217.252870623604,0.4665693661088389
0.10513847521600503,7956.625370042035,0.4684725969102531
0.10641844581935436,7703.689423635175,0.47034849719230015
0.10771399896508005,7462.073973202319,0.47243956183573577
0.10902532435724739,7234.677490738316,0.47497592473229266
0.11035261400940567,7023.938401993095,0.4781881707682243
0.11169606227270419,6830.834429435898,0.482233754504008
0.11305586586435036,6654.97837267535,0.4871875807423582
0.11443222389641498,6495.779675447522,0.4931131220345726
0.11582533790498684,6351.132841457356,0.4999564586862977
0.11723541187968357,6218.316989502475,0.507597596285162
0.11866265229352119,6094.695461509254,0.5158986869170565
0.12010726813314711,5977.316715316642,0.5246677788030453
0.12156947092944202,5863.332322939878,0.5336891195170118
0.12304947478849294,5750.250315865325,0.5427455889305874
0.12454749642294471,5636.008709434108,0.5516287853217133
0.1260637551837324,5518.768054065842,0.560122630635555
0.1275984730922001,5397.347810840595,0.5680506964025178
0.12915187487261148,5271.085877319632,0.5752710196487576
0.13072418798505453,5139.656056459886,0.5816639853156217
0.13231564265874865,5004.096111092636,0.5872587182039042
0.13392647192575605,4865.858263351773,0.5921462698847129
0.13555691165510417,4726.668015042331,0.5964724053488453
0.13720720058732305,4589.060642811239,0.6005162535772601
0.13887758036940398,4455.439474129432,0.6045848094813595
0.14056829559018227,4327.567587853741,0.6089424571260925
0.1422795938161524,4206.56087463627,0.6137977429445374
0.14401172562771816,4093.287534697406,0.6193499045265414
0.1457649446558843,3987.6454591488055,0.6256710686785856
0.14753950761939563,3889.025681847759,0.6327556901861123
0.14933567436232661,3796.699892664771,0.6405709380269635
0.15115370789213026,3709.283961864764,0.6489582474431893
0.15299387441814935,3625.3160534765425,0.6577157800227594
0.15485644339059668,3543.366115857642,0.666613536562206
0.15674168754000967,3461.9415743004906,0.6753727720081169
0.1586498829171863,3379.6938925512522,0.6837020681974787
0.16058130893360525,3296.1585531285773,0.6914540646868231
0.16253624840234016,3211.68685080467,0.6986411251037414
0.16451498757947075,3126.6913032324296,0.7052964073836883
0.16651781620599843,3041.9588737159706,0.7115504822141888
0.1685450275502729,2958.41114576157,0.7175904035200248
0.17059691845093353,2876.853442930441,0.7236049734907029
0.17267378936037525,2797.907871324394,0.7297648284487719
0.17477594438874275,2722.099326536079,0.7362396448256533
0.17690369134846043,2649.7493135051423,0.7431658295980815
0.1790573417993044,2580.840533172627,0.750598735504105
0.18123721109402377,2515.2992093936946,0.758581112012904
0.183443618424516,2452.6334392571,0.767027136227223
0.1856768868685658,2391.895251494157,0.7756860005682868
0.18793734343715227,2332.219962116386,0.7842942268118038
0.19022531912233212,2273.170785888578,0.7926971357705168
0.1925411489457065,2214.6001280179444,0.8008224817904832
0.19488517200747613,2156.4210602991357,0.8086120590374833
0.19725773153609555,2098.8375554123445,0.8161146780862878
0.1996591749385308,2042.157855890186,0.8234313255559486
0.2020898538511293,1986.6840369525012,0.8306777743755738
0.20455012419110863,1932.7996698215493,0.8380237834152814
0.20704034620867331,1880.877662392475,0.8456599503344904
0.20956088453976404,1831.093670705672,0.853712202667245
0.2121121082594509,1783.1036959108037,0.8620714073560901
0.21469439093597598,1736.4944368972563,0.8705741152424508
0.21730811068545342,1690.9613758901924,0.8790867914073477
0.2199536502272369,1646.4077346567296,0.8875670633908347
0.22263139693995876,1602.7733689870943,0.8959867985750503
0.22534174291825354,1560.0371847900888,0.9043367011803412
0.22808508503017114,1518.257767847047,0.9126545662184076
0.23086182497528865,1477.4971678109657,0.9209865532570045
0.23367236934353117,1437.784971330309,0.929364940737257
0.2365171296747061,1399.0869757222094,0.9377838994694276
0.23939652251876462,1361.3617560946914,0.946231317083638
0.24231096949679565,1324.5873090403097,0.9547069285934094
0.2452608973627627,1288.7946262690211,0.963249770757816
0.24824673806599176,1254.01954080942,0.9719081294880649
0.2512689288144216,1220.272916925403,0.9807167581361352
0.25432791213862127,1187.467004899236,0.9896323605487841
0.2574241359565894,1155.4913578703645,0.9985843415004275
0.2605580536393416,1124.2514055981185,1.0075049820393684
0.26373012407729557,1093.7322104737932,1.0163902224486316
0.26694081174746664,1063.9647256223025,1.0252798425690617
0.2701905867814777,1034.9758362382406,1.0342156677011614
0.2734799250344007,1006.771887457544,1.043224302245019
0.2768093081544341,979.3290504038296,1.0523033815568665
0.28017922365342934,952.6215767175004,1.0614473463679954
0.28359016497827566,926.6246758353232,1.070650233221174
0.2870426315831549,901.3132533372832,1.079904186966684
0.2905371290026737,876.6627285463577,1.0892002284429
0.2940741689258885,852.6497257718652,1.0985290616795527
0.29765426927123023,829.2544213809886,1.1078842868928427
0.3012779542623416,806.4658637912368,1.1172704419162927
0.3049457545048386,784.2746869073491,1.1266946478133193
0.3086582070640037,762.6712623577893,1.1361642731315371
0.31241585554342827,741.6441728217469,1.1456845280487078
0.31621925016461017,721.1774434656378,1.1552535378127256
0.3200689478475214,701.2547728928802,1.164868002122133
0.32396551229215564,681.8604258814903,1.1745245099525277
0.32790951406107083,662.9794795842469,1.1842200181362852
0.3319015306629327,644.5992875402821,1.193954690393417
0.3359421466370793,626.7082041019376,1.2037300929037686
0.3400319536391127,609.2947765203722,1.213547852119769
0.34417155052753345,592.3477427540794,1.2234096503188518
0.34836154345143067,575.8557744386999,1.2333166746468969
0.3526025459392369,559.8070394203901,1.2432685435912356
0.35689517898856665,544.1898785270058,1.2532645730771403
0.3612400711571467,528.9929387025946,1.2633040582445807
0.36563785865485415,514.205164807877,1.2733862732628207
0.37008918543687436,499.81583722935153,1.2835105881988336
0.37459470329799505,485.8148854770777,1.2936773461946145
0.3791550719680441,472.19264796900376,1.3038874029939442
0.38377095920849386,458.93966812083937,1.3141416474665513
0.38844304091023873,446.0466901366241,1.3244409983579366
0.3931720011925636,433.50465622728433,1.3347864046555684
0.39795853250331925,421.30469569845997,1.345178820084122
0.40280333572031274,409.43790314357364,1.3556184736845767
0.40770712025393674,397.89533897866954,1.3661047424881763
0.4126706041510459,386.66829022021375,1.3766369379207124
0.41769451420009845,375.74827846349365,1.3872143506248817
0.4227795860375772,365.1270534305093,1.3978362502699238
0.42792656425570835,354.7965867019207,1.4085018853652809
0.43313620251148754,344.7490656275714,1.4192104830784127
0.4384092636370371,334.97689467172256,1.4299612800549588
0.4437465197513051,325.4727866567592,1.4407539573240473
0.44914875237312396,316.22971856811046,1.451588548625875
0.4546167525356479,307.24084168948093,1.4624651007830383
0.4601513209021786,298.499475603525,1.473383664800533
0.46575326788340604,289.9991044455868,1.484344295947631
0.47142341375607416,281.73337322782976,1.4953470538399058
0.47716258878309087,273.6960842328652,1.50639200252142
0.4829716333351033,265.88119347598143,1.5174792105470818
0.4888513980135475,258.28280723508743,1.528608751065152
0.49480274377520184,250.89517863729267,1.5397807018375502
0.5008265420582536,243.7126989269428,1.5509951109796516
0.5069236749099014,236.7298862811406,1.562251938469944
0.5130950351155102,229.9413958736214,1.5735511303423548
0.519341526329341,223.34201905339427,1.584892633495552
0.5256640632068679,216.92668010015828,1.5962763957378752
0.5320635715387096,210.69043304987048,1.6077023658324157
0.5385409883861906,204.62845858918234,1.619170493542238
0.5450972622185509,198.73606101746,1.6306807296757193
0.5517333530518308,193.0086652751314,1.6422330261320388
0.5584502325894389,187.44181403712207,1.6538273359467845
0.565248884364439,182.03116487014148,1.665463613337677
0.5721303038835642,176.77248745262267,1.6771418137504268
0.5790954987729877,171.66166085611468,1.6888618939046982
0.5861454889258642,166.69467088695745,1.700623811840188
0.5932813066516734,161.86760747250216,1.7124275268086633
0.6005039968273745,157.17666193917302,1.7242729973092679
0.6078146170504061,152.6181246075622,1.7361601816408592
0.615214237793547,148.18838251546026,1.7480890394624706
0.6227039425616618,143.88391704459048,1.760059531874889
0.6302848280503581,139.7013015975507,1.7720716214664256
0.6379580043065679,135.6371993274195,1.784125272358727
0.6457245948910918,131.68836091897293,1.7962204502527146
0.6535857370431176,127.85162242048283,1.8083571224745962
0.6615425818467433,124.12390312507627,1.8205352580219796
0.6695962943995261,120.50220350065449,1.8327548276100336
0.6777480539830869,116.98360316738832,1.845015803717783
0.6859990542357852,113.56525892181996,1.857318160634426
0.6943505033275026,110.24440280661598,1.869661874505769
0.702803624136551,107.01834022503635,1.8820469233807193
0.7113596544287341,103.88444809919629,1.8944732872578514
0.7200198470385935,100.84017307121182,1.9069409481320394
0.7287854700528522,97.88302974634473,1.9194498900411698
0.7376578069961007,95.0105989386558,1.9320000983278907
0.7466381570187385,92.22052510095368,1.9445915406781697
0.7557278350872049,89.51051478328361,1.9572241655879048
0.764928172176525,86.87833604872834,1.9698979217155888
0.7742405154652039,84.32181694662523,1.9826127588844056
0.7836662285324849,81.83884397449332,1.9953686281203726
0.793206691558018,79.42736057699409,2.0081654816905763
0.8028633015239546,77.0853656811141,2.021003273141465
0.8126374724195026,74.81091226676705,2.0338819573372113
0.8225306354479762,72.60210597203047,2.046801490498137
0.8325442392363579,70.45710373224946,2.059761830239178
0.8426797500474198,68.37411245225002,2.0727629356084347
0.8529386519944234,66.35138771092421,2.0858047671257745
0.8633224472584333,64.38723249745993,2.098887286821454
0.8738326563082807,62.4799959785052,2.1120104582748453
0.8844708181231954,60.628072295570455,2.125174246653175
0.8952384904181584,58.82989939198272,2.138378618750324
0.9061372498719921,57.08395786872454,2.151623543025665
0.9171686923582285,55.388769868500624,2.1649089896429636
0.9283344331787886,53.74289795527552,2.178234929207749
0.9396361073005086,52.144943338743154,2.191601302551311
0.9510753695945386,50.59354493208125,2.2050080189994627
0.9626538950786642,49.08737913803723,2.218454986647644
0.9743733791625732,47.62515888871703,2.231942113839629
0.9862355378961087,46.20563267354027,2.245469309194452
0.9982421082205496,44.82758359190168,2.2590364816334088
1.010394848222939,43.489828429948965,2.2726435404071026
1.0226955373935196,42.19121676089657,2.2862903951225815
1.035145976886303,40.93063006831028,2.299976955770518
1.0477479897827957,39.70698089181135,2.3137031327524453
1.0605034213589644,38.51921199465477,2.3274688369080745
1.073414139355416,37.366295552659,2.341273979542626
1.0864820342509036,36.24723236396336,2.3551184724542575
1.099709019539126,35.161051079114365,2.369002227961505
1.1130970320089304,34.106807450980476,2.382925158930798
1.126648032027904,33.083583604017555,2.3968871788040094
1.1403640038294187,32.09048732241024,2.410888201626033
1.1542469558031918,31.12665135662724,2.424928142072451
1.1682989207893506,30.19123275567167,2.439006916101569
1.1825219563761113,29.28341240797223,2.453124457755473
1.196918145201059,28.402394390317824,2.467280721508853
1.2114895952560951,27.547405107737863,2.481475664443221
1.2262384401961202,26.717692676878357,2.495709245301219
1.2411668396514406,25.912526337586964,2.5099814245204177
1.2562769795440143,25.13119587974854,2.5242921642671936
1.27157107240752,24.373011085001266,2.5386414284705507
1.2870513577113258,23.63730118296789,2.5530291828559815
1.3027201021884258,22.92341432164459,2.5674553949793455
1.31857960016733,22.23071705160244,2.581920034260721
1.3346321739080345,21.558593823657507,2.5964230720182937
1.3508801739420564,20.906446499680328,2.610964481502245
1.3673259794166055,20.273693876218395,2.6255442379286134
1.3839719984429764,19.659771220613276,2.640162318513215
1.4008206684491382,19.06412981930493,2.654818702505507
1.41787445653666,18.48623653801698,2.6695133712225103
1.435135859841953,17.925573393529383,2.6842463080826904
1.4526074059019094,17.38163713674839,2.699017498639847
1.470291653024024,16.853938841222377,2.7138269297204833
1.4881911906609748,16.34200334051979,2.7286745613329706
1.5063086397898138,15.845368837879514,2.7435603203725054
1.5246466532957241,15.363586743515048,2.758484132558023
1.5432079163604964,14.896221319423633,2.7734459244484215
1.5619951468557025,14.44284932127253,2.788445623467201
1.5810110957406556,14.003059649932117,2.8034831579271313
1.6002585474652482,13.576453012405606,2.818558457054946
1.6197403203776448,13.162641591914609,2.8336714510160252
1.6394592671369874,12.76124872690088,2.8488220709391205
1.6594182751310915,12.37190859871512,2.86401024894107
1.6796202668992293,11.994265927766238,2.8792359181515264
1.7000682005600904,11.627975677910612,2.8944990127377097
1.7207650702449049,11.272702768868292,2.909799467929143
1.7417139065358878,10.928121796454985,2.925137220042425
1.7629177769099893,10.593916760427259,2.9405122065059883
1.7843797861880455,10.269780799741302,2.955924365884856
1.8061030769894322,9.955415935030565,2.9713736379054247
1.828090830192202,9.65053281811455,2.986859963480238
1.8503462653988763,9.354850487431925,3.002383284437371
1.87287264140787,9.068096098374273,3.017943532612364
1.8956732566906582,8.790004688716236,3.0335406263935085
1.9187514498747875,8.520318998531586,3.049174483962867
1.9421106002327109,8.258789254476772,3.0648450242519236
1.9657541281766353,8.00517295708812,3.0805521669631077
1.9896854957593322,7.75923467395191,3.09629583259132
2.0139082071811027,7.520745838589208,3.1120759424454634
2.038425809302877,7.28948455490416,3.1278924186699735
2.0632418921655553,7.065235407046602,3.143745184266369
2.08836008951572,6.847789274543633,3.159634163114793
2.113784079337678,6.636943152560175,3.1755592799955505
2.139517584392048,6.4324999771497415,3.1915204606106755
2.165564372760862,6.234268455362384,3.2075176316054694
2.1919282583992983,6.04206290007897,3.223550720590042
2.2186131016941815,5.8557030694442025,3.2396196561608774
2.245622810029211,5.6750140107754365,3.2557243679223564
2.2729613383571383,5.499825908825566,3.271864786508321
2.3006326897788685,5.32997393828324,3.288040843603593
2.3286409161296056,5.165298120450116,3.304252472000381
2.356990118572185,5.0056431861882205,3.320499607161223
2.3856844481975568,4.850858440971727,3.336782187886029
2.414728106632651,4.700797629890384,3.353100154347809
2.444125346655597,4.555318809472882,3.3694534479563103
2.4738804728184283,4.414284223356666,3.385842011379926
2.5039978420774203,4.277560181449758,3.402265788567614
2.534481864431029,4.145016942490252,3.418724724770772
2.5653370035656664,4.016528599910172,3.435218766565122
2.596567777509293,3.8919729709142032,3.4517478618725823
2.6281787592929606,3.7712314886852685,3.4683119599830943
2.6601745776204675,3.654189097631355,3.484911011576493
2.6925599175460824,3.5407341515908595,3.5015449687443017
2.7253395211606057,3.4307583149148546,3.5182137850115605
2.7585181882856964,3.324156466348022,3.5349174153585965
2.7921007771767363,3.2208266056308554,3.5516558162428242
2.8260922052341915,3.120669762748875,3.56842894562049
2.860497449723637,3.0235899097558554,3.585236762968414
2.895321548504603,2.9294938751000603,3.60207922930573
2.930569600768208,2.8382912600523404,3.618956306791507
2.966246767783858,2.749894340711477,3.635867936029413
3.002358273654981,2.6642179838084554,3.652814024105286
3.038909406083956,2.5811795966539943,3.669794475801657
3.0759055171464214,2.500699054830024,3.6868091964070326
3.1133520240749126,2.4226986297512987,3.703858091731738
3.1512544100521356,2.3471029183085577,3.7209410681238366
3.189618225013835,2.273838774535163,3.7380580324850006
3.2284490864614357,2.2028352432402993,3.75520889228638
3.267752680284641,2.134023495553398,3.7723935555845225
3.307534761593951,2.0673367663263282,3.789611931037215
3.347801155563411,2.0027102933407717,3.8068639279193985
3.3885577582835555,1.9400812582702107,3.8241494561390192
3.429810537624735,1.8793887293469858,3.8414684262529026
3.4715655341110216,1.8205736056862327,3.85882074948263
3.5138288618046505,1.7635785632201897,3.876206337730389
3.5566067092013394,1.708348002197071,3.8936251035948355
3.5999053401363956,1.6548279962005974,3.911076960386924
3.6437310947019617,1.6029662426468587,3.9285618221457685
3.688090390175355,1.5527120147854812,3.9460796038287107
3.7329897219587083,1.5040161193827803,3.9636302328379185
3.778435664530124,1.4568308533337753,3.981213656465663
3.8244348724062966,1.411109952527148,3.9988298250620833
3.8709940811169683,1.3668085485497217,4.016478690363399
3.918120108191167,1.3238831273167921,4.034160205510339
3.965819854155457,1.28229148890356,4.051874325066534
4.014100303544415,1.2419927085435778,4.069621005036941
4.062968525923295,1.2029470987612847,4.087400202886168
4.112431676923256,1.1651161726062451,4.105211877556852
4.162496999289122,1.1284626079579625,4.123055989487953
4.213171823939883,1.0929502128707773,4.140932500633056
4.2644635710422065,1.0585438919291907,4.1588413744786585
4.3163797510968775,1.0252096135849913,4.176782576062393
4.368927966038603,0.9929143784480424,4.194756071991265
4.422115910349112,0.9616261885036723,4.212761830459871
4.475951372183812,0.9313140172301454,4.230799821268536
4.530442234512247,0.9019477805904736,4.2488700158415025
4.585596476272306,0.8734983088736891,4.266972387245038
4.641422173538618,0.8459373192740616,4.285106909764562
4.697927500705084,0.8192373823885826,4.303273522227763
4.755120731681798,0.7933718925107771,4.321472099635398
4.813010241106637,0.768315054824031,4.3397025104396585
4.871604505571464,0.7440418622567114,4.3579646229742455
4.930912104863403,0.7205280717484644,4.37625830546438
4.990941723221072,0.6977501812209265,4.39458342603677
5.051702150606266,0.6756854072321795,4.412939852729628
5.113202283991013,0.6543116632950849,4.431327453502691
5.175451128660298,0.6336075388400576,4.449746096247216
5.238457799530759,0.613552278803414,4.4681956487960655
5.3022315224852665,0.5941257638230844,4.486675978933708
5.366781635723923,0.5753084910238117,4.505186954406313
5.4321175911313935,0.5570815553746651,4.523728442931799
5.498248955660883,0.5394266316020647,4.542300312209898
5.565185412735081,0.5223259566420062,4.56090242993226
5.63293676366398,0.5057623126157512,4.579534663792533
5.701512929080135,0.4897190103135245,4.5981968814964524
5.770923950391279,0.47417987317138705,4.616888950771959
5.841179991250624,0.45912922173964976,4.635610739509443
5.912291339045172,0.44455185993825785,4.65436212977624
5.984268406401976,0.4304330613653958,4.67314303061659
6.057121732712914,0.4167585526116353,4.69195335475996
6.130861985677905,0.40351449923423627,4.710793015719628
6.20549996286691,0.39068749244051093,4.729661927805551
6.281046593301081,0.37826453616889616,4.7485600061372
6.357512939052958,0.36623303455612877,4.767487166656379
6.4349101968663645,0.3545807797791143,4.7864433261400325
6.513249699795805,0.34329594026055293,4.805428402213012
6.592542918866028,0.3323670492275655,4.824442313360849
6.672801464751649,0.32178299361298773,4.843484978942487
6.754037089477237,0.311533003289228,4.862556319203003
6.83626168813821,0.3016066406248765,4.881656255286317
6.919487300642503,0.29199379035460177,4.9007847092478505
7.003726113473626,0.28268464975304464,4.919941604067198
7.088990461475056,0.27366971910378574,4.939126863660766
7.175292829656347,0.2649397924546562,4.958340412894353
7.262645855021376,0.2564859486509237,4.977582177595787
7.351062328418628,0.24829954262896575,4.99685208438211
7.44055519641422,0.2403721957055196,5.01615003402432
7.531137563187592,0.23269578631275908,5.035475873056692
7.62282269245026,0.2252624446090857,5.054829441075711
7.7156240093880974,0.21806454508152998,5.0742105773347355
7.809555102627016,0.21109469904339231,5.093619120751588
7.904629726222821,0.20434574735947966,5.113054909916223
8.00086180167513,0.19781075339215248,5.132517783098327
8.098265419965811,0.19148299616155876,5.152007578255007
8.196854843622392,0.1853559637136225,5.17152413303849
8.296644508806354,0.17942334668958482,5.1910672848037756
8.397649027427091,0.1736790320910214,5.210636870616345
8.499883189281443,0.1681170972344976,5.230232727259929
8.603361964219262,0.16273180389015313,5.249854691244171
8.708100504335537,0.15751759259868697,5.269502598812414
8.814114146188917,0.15246907716140456,5.289176285949436
8.921418413047554,0.1475810392980941,5.30887558838923
9.030029017161976,0.14284842346771665,5.328600341622774
9.139961862065917,0.13826633184698076,5.348350380905808
9.25123304490497,0.13383001946070108,5.368125541211548
9.363858858793593,0.12953488919667147,5.387925646189457
9.477855795200986,0.125376486961712,5.407750494550161
9.59324054636574,0.12135049781205655,5.427599880985535
9.710030007740169,0.11745274172749613,5.447473599416161
9.828241280464205,0.11367916943373232,5.467371442997392
9.947891673869401,0.11002585835273425,5.487293204125512
10.068998708013638,0.10648900867721207,5.507238674443935
10.191580116246358,0.10306493956546281,5.52720764484938
10.315653847805365,0.09975008545291855,5.547199905498136
10.441238070445008,0.09654099247687425,5.567215245812329
10.568351173096378,0.09343431501095348,5.587253454486233
10.697011768560081,0.09042681230597657,5.607314319492638
10.827238696231497,0.08751534523401257,5.627397628089173
10.959051024859523,0.08469687313246627,5.647503166824749
11.092468055338689,0.08196845074517291,5.667630721545992
11.22750932353527,0.07932722525754543,5.687780077403708
11.364194603148011,0.07677043342291041,5.707951018859356
11.502543908603366,0.07429539877727068,5.728143329691616
11.642577497986327,0.07189952893893384,5.748356792934633
11.784315876006566,0.06958031274870867,5.768591170691764
11.927779797001056,0.06733531744498555,5.788846175543232
12.072990267972987,0.06516218676155033,5.80912151132014
12.219968551667693,0.06305863862770401,5.8294168801351285
12.368736169686262,0.06102246285126116,5.849731982386512
12.519314905636683,0.05905151887330133,5.870066516762484
12.671726808323735,0.05714373359246012,5.890420180245482
12.82599419497745,0.05529709925663227,5.910792668116565
12.982139654520884,0.0535096714200138,5.931183673959933
13.140186050877928,0.05177956696347135,5.95159288966756
13.300156526320993,0.05010496217630124,5.972020005443908
13.462074504859862,0.048484090897480195,5.992464709810705
13.625963695671501,0.04691524271458794,6.012926689611888
13.79184809657166,0.04539676121862254,6.033405630018578
13.959751997528992,0.043927042312987316,6.053901214534197
14.129699984221524,0.04250453257498865,6.074413124999655
14.301716941636887,0.0411277276682201,6.0949410415987
14.475828057716049,0.03979517080427165,6.115484642863242
14.652058827041435,0.03850545125181997,6.13604360561141
14.830435054570222,0.03725720270025165,6.156617573177221
15.01098285941265,0.03604910159475231,6.17720610400895
15.193728678656779,0.03487986624981789,6.1978087401032305
15.3786992712395,0.03374825561326541,6.218425020121417
15.565921721864676,0.032653067986283736,6.239054479392867
15.755423444969296,0.03159313978356624,6.259696649918534
15.94723218873744,0.03056734433228091,6.280351060374764
16.141376039163614,0.029574590708662557,6.301017236117412
16.337883424165046,0.028613822611060248,6.321694699186218
16.536783117744534,0.027684017268298028,6.342382968309437
16.738104244203633,0.02678418438225306,6.363081558908763
16.941876282407154,0.025913365103582085,6.383789983104529
17.148129070099888,0.025070631039561506,6.404507749721205
17.356892808275397,0.0242550832930429,6.425234364293105
17.568198065598494,0.023465851531549543,6.445969329070451
17.782075782881233,0.022702093085577073,6.466712143025714
17.998557277613347,0.021962992075185518,6.4874623018601945
18.21767424854826,0.021247758563998645,6.508219298010918
18.439458780344324,0.020555627739579207,6.528982620600788
18.663943348263167,0.019885858974336482,6.5497517075555605
18.89116082292481,0.019237734824734887,6.570525857514413
19.121144475120722,0.018610560666322988,6.591304339820475
19.353927980685835,0.018003664042619993,6.612086417968405
19.589545425429268,0.01741639396054473,6.632871349612253
19.82803131012571,0.016848120208179926,6.653658386573938
20.069420555567135,0.016298232694167917,6.674446774852583
20.313748507676035,0.01576614080805061,6.695235754634438
20.5610509426813,0.015251272800889898,6.716024560303593
20.811364072356515,0.014753075185528522,6.736812420453417
21.06472454932265,0.01427101215586622,6.757598557898688
21.32116947241468,0.01380456502455216,6.778382189688537
21.580736392114154,0.0133532316785073,6.799162527120097
21.843463316047465,0.012916526051714323,6.819938775752881
22.109388714551077,0.012493977614727515,6.840710135424002
22.378551526304918,0.01208513088037208,6.861475800264102
22.650991164033712,0.011689544925122137,6.882234958714034
22.926747520278386,0.011306792925658818,6.902986793542406
23.205860973237268,0.010936461710083004,6.923730481834514
23.48837239267843,0.010578151243581189,6.9444651425996815
23.774323145924434,0.010231474061517077,6.965189727580701
24.063755103909273,0.00989605508512895,6.985903149583963
24.356710647309715,0.009571531273119379,7.006604312940541
24.653232672750875,0.009257551236155053,7.027292113533394
24.953364599087262,0.008953774863717777,7.047965438826081
25.257150373760837,0.00865987296290908,7.068623167892958
25.564634479235703,0.008375526908825863,7.0892641714509335
25.875861939511907,0.008100428306133842,7.109887311892857
26.19087832671801,0.007834278661480194,7.130491443322352
26.509729767783917,0.007576789066397094,7.1510754115903366
26.832462951195502,0.007327679890358617,7.171638054333099
27.15912513383061,0.007086680483666368,7.192178201011959
27.48976414787915,0.006853528889846935,7.212694672954601
27.82442840784683,0.006627971567257153,7.233186283398052
28.16316691764422,0.006409763119601019,7.253651837533209
28.50602927776261,0.006198666035072329,7.274090132551172
28.85306569253643,0.00599445043384705,7.294499957691144
29.204326977494986,0.005796893823637522,7.314880094266009
29.559864566802748,0.005605780767055785,7.335229190049053
29.919730520791138,0.00542090245184037,7.355545463712734
30.28397753358137,0.00524205675617906,7.375827032586062
30.652658940800144,0.005069048100261904,7.396071999357928
31.025828727389822,0.0049016872338465585,7.416278452168811
31.403541535512815,0.004739791030777389,7.436444464706976
31.785852672553105,0.004583182290227153,7.456568096309372
32.17281811921455,0.004431689544439171,7.476647392066882
32.564494537717785,0.004285146872754808,7.496680382934425
32.96093928009757,0.004143393721717972,7.5166650858457045
33.36221039660013,0.004006274731056374,7.536599503832622
33.76836664418379,0.0038736395653446096,7.556481626149489
34.179467495122346,0.0037453427511620996,7.5763094284020935
34.59557314571321,0.0036212435195641535,7.596080872681529
35.01674452509229,0.0035012056536907104,7.615793907702957
35.443043304155104,0.0033850973413438994,7.635446468949298
35.87453190458752,0.0032727910323699684,7.655036478819854
36.311273508005826,0.0031641633006878195,7.674561846783853
36.75333206520798,0.0030590947108097054,7.694020469535799
37.20077230553824,0.0029574696469846593,7.713410122337848
37.653659746364745,0.0028591760891772287,7.732728171077021
38.112060702673574,0.002764105625495938,7.751971874379997
38.5760422967785,0.002672153369588414,7.771138472927154
39.04567246815003,0.00258321784526841,7.790225189699278
39.521019983363324,0.0024972008749669134,7.8092292302332735
40.00215444616731,0.0024140074718781712,7.828147782887064
40.48914630767705,0.0023335457356758226,7.84697801911347
40.98206687668911,0.002255726751679304,7.86571709374352
41.48098833012359,0.0021804644933538595,7.884362145278942
41.98598372359261,0.0021076757280323556,7.902910296193983
42.49712700209735,0.0020372799257504875,7.921358653246676
43.01449301085617,0.0019691991710906183,7.9397043077994995
43.538157506263325,0.001903358077933595,7.957944336149574
44.06819716698234,0.001839683707020615,7.97607579986833
44.60468960517359,0.0017781054862312708,7.994095746150823
45.14771337785855,0.0017185551334866396,8.012001208174542
45.697347998423304,0.0016609665821895024,8.029789205468015
46.25367394826072,0.0016052759091170518,8.04745674428894
46.81677268855576,0.0015514212238894969,8.065000605944373
47.38672667221333,0.0014993424919338195,8.082416717225724
47.963619355931314,0.0014489816083861214,8.099700775815066
48.547535212421586,0.0014002823750729869,8.116848457162336
49.138559742778305,0.0013531904370688006,8.133855415133588
49.7367794889983,0.001307653221413142,8.150717282680544
50.34228204665286,0.001263619877912791,8.167429672531808
50.95515607771378,0.0012210412219552005,8.18398817790549
51.5754913235366,0.001179869679263068,8.200388373243674
52.203378618000336,0.0011400592325223312,8.216625814968419
52.83890990080888,0.0011015653698180426,8.232696042259743
53.48217823095258,0.001064345034815294,8.248594577855247
54.133277800335364,0.00102835657862426,8.264316928871661
54.79230394756667,0.0009935597132909686,8.27985858764832
55.45935317192127,0.0009599154668572443,8.295215032612356
56.13452314747013,0.0009273861399353673,8.310381729165938
56.817912737381654,0.0008959352637450752,8.325354130595233
57.509622008398736,0.0008655275595621599,8.340127679001386
58.20975224549089,0.0008361288995299528,8.354697806253087
58.918405966684745,0.0008077062467169633,8.369059706285947
59.63568693807632,0.0007802275517429583,8.383207576397698
60.361700189024205,0.0007536617976209816,8.397135332463142
61.096552027529555,0.0007279789914349327,8.410836874691448
61.84035005580212,0.0007031501298326214,8.424306089105324
62.5932031860157,0.0006791471657194094,8.437536849056338
63.355221656256774,0.0006559429761093989,8.45052301678095
64.12651704666527,0.000633511331092408,8.463258444996356
64.90720229577387,0.0006118268638763926,8.475736978536352
65.69739171704484,0.0005908650418666993,8.487952456027038
66.49720101560823,0.0005706021387448141,8.49989871160209
67.30674730520516,0.0005510152075106987,8.51156957665727
68.12614912533546,0.0005320820544542807,8.522958881644298
68.95552645861598,0.0005137812140227022,8.534060457903152
69.79500074834833,0.0004960919245514576,8.544868139533099
70.6446949163024,0.0004789941048284835,8.555375765301847
71.50473338071502,0.0004624683314615858,8.565577180592172
72.37524207450771,0.0004464958170206201,8.575466239386005
73.2563484637277,0.00043105838892686457,8.585036806285357
74.14818156621125,0.0004161384561660188,8.594282492212015
75.05087197047635,0.00040171894581553545,8.603195669719122
75.96455185484403,0.00038778333389518033,8.611768354724239
76.88935500679231,0.0003743156450158763,8.619992575373654
77.8254168425475,0.00036130043366877363,8.6278603750745
78.7728744269114,0.0003487227661779072,8.63536381554307
79.73186649333256,0.00033656820329389775,8.642494979916076
80.70253346422005,0.0003248227834048826,8.649245975923952
81.68501747150462,0.000313473006341687,8.65560893912498
82.67946237745181,0.000302505817755167,8.661576036199234
83.68601379572601,0.0002919085940445696,8.667139468301082
84.70481911271335,0.00028166912781648707,8.672291474469276
85.73602750910258,0.0002717756138548374,8.677024335092497
86.77978998172865,0.0002622166355830538,8.681330375429901
87.83625936568396,0.0002529811520003452,8.685201969184547
88.90559035669608,0.00024405848507466158,8.688631542128093
89.98793953378075,0.00023543830757559504,8.691611575775548
91.08346538216867,0.00022711063133114859,8.694134611107929
92.19232831651154,0.00021906579589288375,8.696193252341065
93.3146907043723,0.00021129445034534828,8.697779872330644
94.45071688999877,0.00020378751522285738,8.698885386503557
95.60057321838956,0.00019653620209948082,8.69950029681323
96.76442805964986,0.00018953201581618141,8.699615184332952
97.9424518336469,0.00018276674436499838,8.699220714801292
99.13481703496336,0.00017623244913623741,8.698307644031374
100.34169825815464,0.00016992145551981863,8.696866823392952
101.56327222331565,0.0001638263438471701,8.694889205364113
102.79971780195584,0.00015793994066063324,8.69236584914884
104.05121604319217,0.0001522553102978249,8.68928792635712
105.3179502002591,0.00014676574677894048,8.685646726742794
106.60010575734111,0.0001414647659854639,8.681433663996218
107.89787045673413,0.0001363460981191846,8.676640281586812
109.21143432633436,0.00013140368043090687,8.671258258651111
110.54098970746503,0.00012663165020862274,8.665279415922306
111.88673128303974,0.00012202433801536073,8.658695721696336
113.2488561060686,0.00011757626116728277,8.651499297829371
114.62756362851376,0.00011328211744299462,8.643682425762574
116.02305573049267,0.00010913677901539637,8.635237552568338
117.43553674984051,0.00010513529265693577,8.626157794160918
118.86521351203001,0.00010127289975445303,8.616439216676534
120.31229536045564,9.754500442809296e-05,8.606079016238368
121.77699418708877,9.394715626061147e-05,8.595074556485407
123.25952446350252,9.047504580992411e-05,8.583423370449088
124.76010327227812,8.71245002706936e-05,8.571123163334251
126.2789503387897,8.389147926859398e-05,8.558171815243853
127.81628806337983,8.077207078310237e-05,8.544567383845285
129.37234155392414,7.776248719482214e-05,8.530308106974788
130.94733865879246,7.485906145346413e-05,8.515392405177938
132.54151000021386,7.205824336273072e-05,8.499818884183192
134.15508900804377,6.935659597848881e-05,8.483586337305946
135.78831195394642,6.675079211670553e-05,8.466693747780335
137.4414179859905,6.423761096776286e-05,8.449140291016326
139.1146491636662,6.181393481385725e-05,8.430925336779422
140.8082504933311,5.9476745846295726e-05,8.412048451290202
142.52246996408354,5.722312307962031e-05,8.392509399241455
144.25755858407695,5.505023935956366e-05,8.37230814573004
146.0137704172734,5.295535846195958e-05,8.351444858101175
147.79136262064446,5.093582682045219e-05,8.329919014892898
149.59059548182816,4.8989045048234424e-05,8.307724875565398
151.41173245723962,4.7112490548906135e-05,8.284854932785322
153.25504021065035,4.53037278262148e-05,8.26130198254002
155.12078865223427,4.356040538110139e-05,8.237059136120774
157.00925097808874,4.188025270469958e-05,8.212119828260892
158.92070371024016,4.0261077386406304e-05,8.186477825208668
160.8554267371318,3.870076233232087e-05,8.160127232722884
162.81370335460915,3.719726308953942e-05,8.133062503978714
164.79582030740127,3.574860527200024e-05,8.105278447371738
166.8020678311069,3.435288208374959e-05,8.076770234207123
168.8327396946952,3.3008251935678475e-05,8.04753340626165
170.88813324351878,3.171293615195528e-05,8.017563883205671
172.96854944285576,3.0465216762527416e-05,7.98685796987163
175.07429292197662,2.9263434378236255e-05,7.955412363356756
177.20567201875252,2.8105986145221068e-05,7.923224159946506
179.36299882480324,2.6991323775439483e-05,7.890290861845454
181.54658923119484,2.5917951650261333e-05,7.856610383702666
183.75676297469718,2.4884424994221494e-05,7.822181058918533
185.9938436845991,2.388936573710881e-05,7.787007389471263
188.25815893009906,2.2931553258082666e-05,7.751132358669093
190.5500402682691,2.2009836334346397e-05,7.714614101060328
192.8698232926026,2.11230821482711e-05,7.677510069437798
195.21784768215693,2.0270177127269795e-05,7.639876945123407
197.5944572512886,1.945002781827242e-05,7.601770599705795
200.00000000000003,1.866156165194434e-05,7.563246060757847
